Name,epoch/val_categorical_accuracy (Max),unique_classes,Notes,Runtime,T_max,epochs,features,max_lr,min_lr,scheduler,train_size,val_size,video_length,epoch/categorical_accuracy (Max),epoch/epoch,epoch/learning_rate (Min),epoch/loss (Min),epoch/val_loss (Min),epoch/f1_micro_tf,epoch/mcc_metric_tf,epoch/val_f1_micro_tf,epoch/val_mcc_metric_tf
AK-GRU32-LR-Dense256-gelu-fs=15-cls=3,0.946666658,3,"Model summary : 
<keras.src.engine.sequential.Sequential object at 0x7f26701b4a90>",244,101,200,all,0.0001,0.00005,cosineAnnealer,850,150,15,0.9458823800086976,199,2.50181E-05,0.18426717817783356,0.2030252665281296,,,,
AK-BGRU32-LR-Dense256-gelu-cls=3,0.946666658,3,"Model summary : 
<keras.src.engine.sequential.Sequential object at 0x7f1f84f1cfd0>",454,101,200,all,0.0001,0.00005,cosineAnnealer,850,150,15,0.9682353138923644,199,2.50181E-05,0.13971610367298126,0.2234775274991989,,,,
AK-GRU64-LR-Dense256-gelu-cls=3,0.9399999976158142,3,"Model summary : 
<keras.src.engine.sequential.Sequential object at 0x7f2045f6e450>",233,101,200,all,0.0001,0.00005,cosineAnnealer,850,150,15,0.9458823800086976,199,2.50181E-05,0.19765861332416537,0.22561606764793396,,,,
AK-GRU512-LR-Dense256-gelu-cls=3,0.9399999976158142,3,"Model summary : 
<keras.src.engine.sequential.Sequential object at 0x7f2045c9bdd0>",181,101,200,all,0.0001,0.00005,cosineAnnealer,850,150,15,0.974117637,199,2.50181E-05,0.16076284646987915,0.31647416949272156,,,,
AK-BGRU16-LR-Dense256-gelu-cls=3,0.9333333373069764,3,"Model summary : 
<keras.src.engine.sequential.Sequential object at 0x7f1f9c9c9190>",412,101,200,all,0.0001,0.00005,cosineAnnealer,850,150,15,0.9588235020637512,199,2.50181E-05,0.1575443595647812,0.20632922649383545,,,,
AK-LSTM256-LR-Dense128-gelu-fs=15-cls=3,0.9333333373069764,3,"Model summary : 
<keras.src.engine.sequential.Sequential object at 0x7f26f47d1b90>",204,101,200,all,0.0001,0.00005,cosineAnnealer,850,150,15,0.977647066,199,2.50181E-05,0.15057127177715302,0.28299587965011597,,,,
AK-GRU16-LR-Dense256-gelu-fs=15-cls=3,0.9333333373069764,3,"Model summary : 
<keras.src.engine.sequential.Sequential object at 0x7f2702ff4290>",255,101,200,all,0.0001,0.00005,cosineAnnealer,850,150,15,0.9247058629989624,199,2.50181E-05,0.21855056285858152,0.21906405687332153,,,,
AK-GRU256-LR-Dense256-gelu-cls=3,0.9333333373069764,3,"Model summary : 
<keras.src.engine.sequential.Sequential object at 0x7f2045473a90>",223,101,200,all,0.0001,0.00005,cosineAnnealer,850,150,15,0.963529408,199,2.50181E-05,0.16793668270111084,0.2631288170814514,,,,
AK-GRU128-LR-Dense256-gelu-cls=3,0.9333333373069764,3,"Model summary : 
<keras.src.engine.sequential.Sequential object at 0x7f20451ca8d0>",205,101,200,all,0.0001,0.00005,cosineAnnealer,850,150,15,0.9541176557540894,199,2.50181E-05,0.16950775682926178,0.2456774115562439,,,,
Reg: LSTM64-Dense128-Dense256-allfeatures,0.9300000071525574,3,"Model summary : 
<keras.src.engine.sequential.Sequential object at 0x7fe2a4725dd0>",5064,50,100,all,0.0001,0.00005,cosineAnnealer,900,100,60,0.9266666769981384,99,1E-04,0.28469613194465637,0.28535524010658264,,,,
LSTM128-Dense128-Dense256-allfeatures,0.9300000071525574,3,"Model summary : 
<keras.src.engine.sequential.Sequential object at 0x7fdbbc5aa510>",5345,50,100,all,0.0001,0.00005,cosineAnnealer,900,100,60,0.9544444680213928,99,5.00493E-05,0.1929602175951004,0.31746944785118103,,,,
AK-BLSTM64-LR-Dense256-gelu-cls=3,0.9266666769981384,3,"Model summary : 
<keras.src.engine.sequential.Sequential object at 0x7f1f9cab6c90>",425,101,200,all,0.0001,0.00005,cosineAnnealer,850,150,15,0.9764705896377563,199,2.50181E-05,0.15027815103530884,0.2666313052177429,,,,
AK-BGRU64-LR-Dense256-gelu-cls=3,0.9266666769981384,3,"Model summary : 
<keras.src.engine.sequential.Sequential object at 0x7f1f86792890>",376,101,200,all,0.0001,0.00005,cosineAnnealer,850,150,15,0.9717646837234496,199,2.50181E-05,0.14294452965259552,0.28336939215660095,,,,
AK-BLSTM16-LR-Dense256-gelu-cls=3,0.9266666769981384,3,"Model summary : 
<keras.src.engine.sequential.Sequential object at 0x7f26701969d0>",569,101,200,all,0.0001,0.00005,cosineAnnealer,850,150,15,0.9576470851898192,199,2.50181E-05,0.16131260991096497,0.2741733193397522,,,,
AK-LSTM32-LR-Dense256-gelu,0.9266666769981384,3,"Model summary : 
<keras.src.engine.sequential.Sequential object at 0x7f4434122290>",174,50,100,all,0.0001,0.00005,cosineAnnealer,850,150,20,0.959999979,99,5.00493E-05,0.1880929321050644,0.298284113,,,,
AK-LSTM32-LR-Dense256-fs=15-cls=3,0.9266666769981384,3,"Model summary : 
<keras.src.engine.sequential.Sequential object at 0x7f28de4637d0>",248,101,200,all,0.0001,0.00005,cosineAnnealer,850,150,15,0.9364705681800842,199,2.50181E-05,0.1994933933019638,0.23677164316177368,,,,
AK-BGRU128-LR-Dense256-gelu-cls=3,0.9266666769981384,3,"Model summary : 
<keras.src.engine.sequential.Sequential object at 0x7f1f481837d0>",414,101,200,all,0.0001,0.00005,cosineAnnealer,850,150,15,0.9788235425949096,199,2.50181E-05,0.14422711730003357,0.26530104875564575,,,,
AK-BLSTM128-LR-Dense256-gelu-cls=3,0.9266666769981384,3,"Model summary : 
<keras.src.engine.sequential.Sequential object at 0x7f1fbebf1b90>",426,101,200,all,0.0001,0.00005,cosineAnnealer,850,150,15,0.9800000190734864,199,2.50181E-05,0.14289920032024384,0.3162665069103241,,,,
AK-LSTM128-LR-Dense256-fs=15-cls=3,0.9200000166893004,3,"Model summary : 
<keras.src.engine.sequential.Sequential object at 0x7f2702f315d0>",221,101,200,all,0.0001,0.00005,cosineAnnealer,850,150,15,0.959999979,199,2.50181E-05,0.17318780720233917,0.3008649945259094,,,,
AK-LSTM64-LR-Dense256-fs=15-cls=3,0.9200000166893004,3,"Model summary : 
<keras.src.engine.sequential.Sequential object at 0x7f28e14d1890>",227,101,200,all,0.0001,0.00005,cosineAnnealer,850,150,15,0.9505882263183594,199,2.50181E-05,0.1854189336299896,0.24225451052188873,,,,
LSTM128-DENSE128-DENSE256-allfeatures,0.9200000166893004,3,"Model summary : 
<keras.src.engine.sequential.Sequential object at 0x7f704eaecd10>",5076,50,100,all,0.0001,0.00005,cosineAnnealer,900,100,60,0.9477777481079102,99,5.00493E-05,0.2322845607995987,0.3136119842529297,,,,
AK-BGRU256-LR-Dense256-gelu-cls=3,0.9200000166893004,3,"Model summary : 
<keras.src.engine.sequential.Sequential object at 0x7f1f49e337d0>",282,101,200,all,0.0001,0.00005,cosineAnnealer,850,150,15,0.9882352948188782,199,2.50181E-05,0.13302405178546906,0.3392062783241272,,,,
AK-BLSTM32-LR-Dense256-gelu-cls=3,0.9200000166893004,3,"Model summary : 
<keras.src.engine.sequential.Sequential object at 0x7f1f48263e50>",489,101,200,all,0.0001,0.00005,cosineAnnealer,850,150,15,0.9670588374137878,199,2.50181E-05,0.1586962193250656,0.2976236939430237,,,,
AK-BLSTM256-LR-Dense256-gelu-cls=3,0.9200000166893004,3,"Model summary : 
<keras.src.engine.sequential.Sequential object at 0x7f1fbeeecad0>",388,101,200,all,0.0001,0.00005,cosineAnnealer,850,150,15,0.9835293889045716,199,2.50181E-05,0.14302454888820648,0.3553354740142822,,,,
LSTM128-Dense256-allfeatures,0.9200000166893004,3,"Model summary : 
<keras.src.engine.sequential.Sequential object at 0x7fdb4c07b8d0>",5094,50,100,all,0.0001,0.00005,cosineAnnealer,900,100,60,0.9322222471237184,99,1E-04,0.25816279649734497,0.31127607822418213,,,,
LSTM64-Dense128-allfeatures,0.9200000166893004,3,"Model summary : 
<keras.src.engine.sequential.Sequential object at 0x7fda518a6390>",5391,75,100,all,0.0001,0.00005,cosineAnnealer,900,100,60,0.9233333468437196,99,2.50329E-05,0.28188201785087585,0.2896500527858734,,,,
AK-LSTM256-LR-Dense128-gelu,0.9133333563804626,3,"Model summary : 
<keras.src.engine.sequential.Sequential object at 0x7f4494741790>",122,50,100,all,0.0001,0.00005,cosineAnnealer,850,150,20,0.9647058844566344,99,5.00493E-05,0.16464170813560486,0.38925647735595703,,,,
AK-GRU32-LR-Dense256-gelu,0.9133333563804626,3,"Model summary : 
<keras.src.engine.sequential.Sequential object at 0x7f459c950390>",122,50,100,all,0.0001,0.00005,cosineAnnealer,850,150,20,0.907058835,99,5.00493E-05,0.2920330762863159,0.28627490997314453,,,,
Bigger Reg: LSTM64-Dense128-Dense256-allfeatures,0.9100000262260436,3,"Model summary : 
<keras.src.engine.sequential.Sequential object at 0x7fdb180a9010>",5336,50,100,all,0.0001,0.00005,cosineAnnealer,900,100,60,0.8922222256660461,99,1E-04,0.4062555730342865,0.36881962418556213,,,,
LSTM64-Dense257-allfeatures,0.9100000262260436,3,"Model summary : 
<keras.src.engine.sequential.Sequential object at 0x7fd9e82e3790>",5329,75,100,all,0.0001,0.00005,cosineAnnealer,900,100,60,0.9322222471237184,99,2.50329E-05,0.25224000215530396,0.36766526103019714,,,,
LSTM256-Dense128-Dense256-allfeatures,0.9100000262260436,3,"Model summary : 
<keras.src.engine.sequential.Sequential object at 0x7fdbbc223250>",5280,50,100,all,0.0001,0.00005,cosineAnnealer,900,100,60,0.9399999976158142,99,1E-04,0.23381753265857697,0.3440536856651306,,,,
LSTM128-Dense128-Dense256-allfeatures,0.9100000262260436,3,"Model summary : 
<keras.src.engine.sequential.Sequential object at 0x7fe2a47cff50>",4924,50,100,all,0.0001,0.00005,cosineAnnealer,900,100,60,0.9244444370269777,99,1E-04,0.2707708477973938,0.3354341387748718,,,,
AK-LSTM256-LR-Dense128-gelu-fs=15-cls=3,0.9066666960716248,3,"Model summary : 
<keras.src.engine.sequential.Sequential object at 0x7f26d0611290>",217,101,200,all,0.0001,0.00005,cosineAnnealer,850,150,15,0.9835293889045716,199,2.50181E-05,0.12990830838680267,0.3138728439807892,,,,
LSTM128-Dense128-allfeatures,0.8999999761581421,3,"Model summary : 
<keras.src.engine.sequential.Sequential object at 0x7fdaec2da250>",5070,50,100,all,0.0001,0.00005,cosineAnnealer,900,100,60,0.9444444179534912,99,1E-04,0.22889015078544617,0.34938037395477295,,,,
AK-LSTM128-LR-Dense128-Dense256,0.8999999761581421,3,"Model summary : 
<keras.src.engine.sequential.Sequential object at 0x7f4593e58d50>",128,50,100,all,0.0001,0.00005,cosineAnnealer,850,150,20,0.9376470446586608,99,5.00493E-05,0.2193922996520996,0.3169201910495758,,,,
LSTM64-Dense64-allfeatures,0.8999999761581421,3,"Model summary : 
<keras.src.engine.sequential.Sequential object at 0x7fda501c1d50>",5349,75,100,all,0.0001,0.00005,cosineAnnealer,900,100,60,0.9277777671813964,99,2.50329E-05,0.27271008491516113,0.33463799953460693,,,,
AK-LSTM16-LR-Dense256-fs=15-cls=3,0.8866666555404663,3,"Model summary : 
<keras.src.engine.sequential.Sequential object at 0x7fea68764350>",211,50,100,all,0.0001,0.00005,cosineAnnealer,850,150,15,0.8988234996795654,99,5.00493E-05,0.3075414001941681,0.3888037502765655,,,,
LSTM64-Dense64-LipsEyesHandsPose_NF,0.8799999952316284,3,"Model summary : 
<keras.src.engine.sequential.Sequential object at 0x7f822421d150>",2501,75,100,all,0.0001,0.00005,cosineAnnealer,900,100,60,0.8766666650772095,99,2.50329E-05,0.3925073146820069,0.4085747003555298,,,,
AK-Transformer-e=64-h=2-ff=128-D=0.1-Dense=128,0.8774999976158142,5,"Model summary : 
None",352,101,200,reduced-LipsEyesHandsPose-scaled,0.0001,0.00005,cosineAnnealer,1600,400,36,0.9837499856948853,199,2.50181E-05,0.050388868898153305,0.432859331,,,,
AK-Transformer-e=32-h=2-ff=64-D=0.1-Dense=128,0.875,5,"Model summary : 
None",325,101,200,all,0.0001,0.00005,cosineAnnealer,1600,400,36,0.971875012,199,2.50181E-05,0.083490886,0.35282599925994873,,,,
AK-Transformer-e=64-h=2-ff=64-D=0.1-Dense=128,0.875,5,"Model summary : 
None",324,101,200,reduced-LipsEyesHandsPose-scaled,0.0001,0.00005,cosineAnnealer,1600,400,36,0.975000024,199,2.50181E-05,0.084739521,0.3811911344528198,,,,
Transformer-e=64-h=2-ff=128-D=0.1-Dense=128-LipsEyesHandsPose_5k,0.8700000047683716,5,"Model summary : 
",295,101,200,reduced-LipsEyesHandsPose-scaled,0.0001,0.00005,cosineAnnealer,1600,400,36,0.9818750023841858,199,2.50181E-05,0.061705384,0.4214636981487274,,,,
LSTM128-Dense128-Dense256-LipsEyesHandsPose,0.8700000047683716,3,"Model summary : 
<keras.src.engine.sequential.Sequential object at 0x7f83382d0c50>",2440,50,100,all,0.0001,0.00005,cosineAnnealer,900,100,60,0.904444456,99,5.00493E-05,0.317468524,0.42409321665763855,,,,
LSTM64-Dense128-Dense256-LipsEyesHandsPose,0.8700000047683716,3,"Model summary : 
<keras.src.engine.sequential.Sequential object at 0x7f8d6fa07a90>",2439,50,100,all,0.0001,0.00005,cosineAnnealer,900,100,60,0.9077777862548828,99,5.00493E-05,0.31046590209007263,0.4206514656543732,,,,
LSTM128-Dense256-LipsEyesHandsPose,0.8700000047683716,3,"Model summary : 
<keras.src.engine.sequential.Sequential object at 0x7f830c59cf10>",2440,50,100,all,0.0001,0.00005,cosineAnnealer,900,100,60,0.8855555653572083,99,5.00493E-05,0.35966721177101135,0.4392354488372803,,,,
LSTM128-Dense128-Dense256-LipsEyesHandsPose,0.8700000047683716,3,"Model summary : 
<keras.src.engine.sequential.Sequential object at 0x7f7ff556ea10>",2429,50,100,LipsEyesHandsPose,0.0001,0.00005,cosineAnnealer,900,100,60,0.898888886,99,5.00493E-05,0.33720096945762634,0.41541028022766113,,,,
AK-GRU512-LR-Dense256-gelu-fs=36-cls=5,0.862500012,5,"Model summary : 
",233,101,200,all,0.0001,0.00005,cosineAnnealer,1600,400,36,0.9837499856948853,199,2.50181E-05,0.1283319592475891,0.5732179284095764,0.9806249737739564,0.9756444692611694,0.8274999856948853,0.7818778157234192
LSTM256-Dense128-Dense256-LipsEyesHandsPose_NF=396,0.8600000143051147,3,"Model summary : 
<keras.src.engine.sequential.Sequential object at 0x7f899c7f6290>",2468,50,100,all,0.0001,0.00005,cosineAnnealer,900,100,60,0.8666666746139526,99,5.00493E-05,0.4095132052898407,0.397889256,,,,
AK-GRU512-LR-Dense256-gelu-fs=36-cls=5,0.8600000143051147,5,"Model summary : 
",170,101,200,all,0.0001,0.00005,cosineAnnealer,1600,400,36,0.9850000143051147,199,2.50181E-05,0.12069735676050186,0.5441956520080566,,,,
LSTM128-Dense256-LipsEyesHandsPose,0.8600000143051147,3,"Model summary : 
<keras.src.engine.sequential.Sequential object at 0x7f8befd6c750>",2452,50,100,all,0.0001,0.00005,cosineAnnealer,900,100,60,0.9122222065925598,99,5.00493E-05,0.29452604055404663,0.4749204218387604,,,,
LSTM64-Dense128-LipsEyesHandsPose,0.8600000143051147,3,"Model summary : 
<keras.src.engine.sequential.Sequential object at 0x7f8241d02a90>",2491,75,100,all,0.0001,0.00005,cosineAnnealer,900,100,60,0.8766666650772095,99,2.50329E-05,0.3877293169498443,0.4808715581893921,,,,
LSTM128_l2-Dense128-Dense256-LipsEyesHandsPose,0.8600000143051147,3,"Model summary : 
<keras.src.engine.sequential.Sequential object at 0x7f830eb5ead0>",2403,50,100,all,0.0001,0.00005,cosineAnnealer,900,100,60,0.8877778053283691,99,5.00493E-05,0.341763437,0.42043304443359375,,,,
AK-GRU512-LR-Dense256-gelu-fs=36-cls=5,0.8575000166893005,5,"Model summary : 
None",233,101,200,all,0.0001,0.00005,cosineAnnealer,1600,400,36,0.981249988,199,2.50181E-05,0.13715024292469025,0.5865232348442078,,,,
AK-Transformer-e=32-h=4-ff=96-D=0.1-Dense=128,0.8450000286102295,5,"Model summary : 
None",467,101,200,all,0.0001,0.00005,cosineAnnealer,1600,400,36,0.9818750023841858,199,2.50181E-05,0.061623204,0.5412603616714478,,,,
AK-BGRU16-LR-Dense256-gelu-fs=36-cls=5,0.8450000286102295,5,"Model summary : 
",538,101,200,all,0.0001,0.00005,cosineAnnealer,1600,400,36,0.9806249737739564,199,2.50181E-05,0.12659728527069092,0.5667737722396851,,,,
AK-GRU128-LR-Dense256-gelu-cls=5,0.8433333039283752,5,"Model summary : 
<keras.src.engine.sequential.Sequential object at 0x7fb05cc7d6d0>",402,101,200,all,0.0001,0.00005,cosineAnnealer,1700,300,36,0.9164705872535706,199,2.50181E-05,0.3022406995296478,0.4676682949066162,,,,
AK-GRU256-LR-Dense256-gelu-cls=3,0.8433333039283752,5,"Model summary : 
<keras.src.engine.sequential.Sequential object at 0x7fb0642af690>",401,101,200,all,0.0001,0.00005,cosineAnnealer,1700,300,36,0.9476470351219176,199,2.50181E-05,0.21725858747959137,0.5053567290306091,,,,
AK-BGRU16-LR-Dense256-gelu-fs=36-cls=5,0.8424999713897705,5,"Model summary : 
",262,101,200,all,0.0001,0.00005,cosineAnnealer,1600,400,36,0.9762499928474426,199,2.50181E-05,0.13499851524829865,0.5374845266342163,,,,
AK-GRU256-LR-Dense256-gelu-fs=15-cls=5,0.8424999713897705,5,"Model summary : 
",195,101,200,all,0.0001,0.00005,cosineAnnealer,1600,400,15,0.9193750023841858,199,2.50181E-05,0.2955373525619507,0.5265918970108032,0.9168750047683716,0.8960780501365662,0.8349999785423279,0.7929986715316772
LSTM64-Dense256-LipsEyesHandsPose,0.8399999737739563,3,"Model summary : 
<keras.src.engine.sequential.Sequential object at 0x7f8241ed0bd0>",2462,75,100,all,0.0001,0.00005,cosineAnnealer,900,100,60,0.8844444155693054,99,2.50329E-05,0.36402997374534607,0.5001747012138367,,,,
AK-LSTM64-LR-Dense256-fs=36-cls=5,0.8399999737739563,5,"Model summary : 
None",260,101,200,all,0.0001,0.00005,cosineAnnealer,1600,400,36,0.9100000262260436,199,2.50181E-05,0.30280858278274536,0.5370396375656128,,,,
AK-GRU256-LR-Dense256-gelu-fs=36-cls=5,0.8374999761581421,5,"Model summary : 
",247,101,200,all,0.0001,0.00005,cosineAnnealer,1600,400,36,0.9493749737739564,199,2.50181E-05,0.2040603756904602,0.5367963314056396,0.9493749737739564,0.937164545,0.8174999952316284,0.775216818
AK-GRU512-LR-Dense256-gelu-fs=60-cls=5,0.8374999761581421,5,"Model summary : 
",347,101,200,all,0.0001,0.00005,cosineAnnealer,1600,400,60,0.9868749976158142,199,2.50181E-05,0.098643817,0.5845263004302979,0.9868749976158142,0.9833682775497437,0.8149999976158142,0.7661511898040771
AK-BGRU16-LR-Dense256-gelu-fs=15-cls=5,0.8349999785423279,5,"Model summary : 
",284,101,200,all,0.0001,0.00005,cosineAnnealer,1600,400,15,0.8999999761581421,199,2.50181E-05,0.3233197331428528,0.5315287113189697,0.8999999761581421,0.875355065,0.8075000047683716,0.7633851766586304
AK-BGRU32-LR-Dense256-gelu-fs=15-cls=5,0.8349999785423279,5,"Model summary : 
",267,101,200,all,0.0001,0.00005,cosineAnnealer,1600,400,15,0.9300000071525574,199,2.50181E-05,0.27283453941345215,0.541628361,0.9300000071525574,0.9124166369438172,0.8199999928474426,0.7768680453300476
AK-GRU256-LR-Dense256-gelu-fs=36-cls=5,0.8349999785423279,5,"Model summary : 
None",232,101,200,all,0.0001,0.00005,cosineAnnealer,1600,400,36,0.9518749713897704,199,2.50181E-05,0.21211311221122744,0.5200136303901672,,,,
AK-GRU128-LR-Dense256-gelu-fs=15-cls=5,0.8349999785423279,5,"Model summary : 
",201,101,200,all,0.0001,0.00005,cosineAnnealer,1600,400,15,0.8831250071525574,199,2.50181E-05,0.35525253415107727,0.5119470357894897,0.8743749856948853,0.8448237776756287,0.8224999904632568,0.7775465250015259
AK-LSTM128-LR-Dense256-fs=36-cls=5,0.8333333134651184,5,"Model summary : 
<keras.src.engine.sequential.Sequential object at 0x7fb8143d5e10>",407,101,200,all,0.0001,0.00005,cosineAnnealer,1700,300,36,0.942941189,199,2.50181E-05,0.23143769800662992,0.5813605785369873,,,,
AK-LSTM32-LR-Dense256-fs=36-cls=5,0.8333333134651184,5,"Model summary : 
<keras.src.engine.sequential.Sequential object at 0x7fb902e70590>",483,101,200,all,0.0001,0.00005,cosineAnnealer,1700,300,36,0.8817647099494934,199,2.50181E-05,0.3712129,0.46400877833366394,,,,
AK-BGRU16-LR-Dense256-gelu-fs=36-cls=5,0.8324999809265137,5,"Model summary : 
",324,101,200,all,0.0001,0.00005,cosineAnnealer,1600,400,36,0.975000024,199,2.50181E-05,0.15026038885116577,0.5448770523071289,0.9693750143051147,0.9617751240730286,0.8224999904632568,0.7822210788726807
AK-LSTM128-LR-Dense256-fs=36-cls=5,0.8324999809265137,5,"Model summary : 
",242,101,200,all,0.0001,0.00005,cosineAnnealer,1600,400,36,0.9381250143051147,199,2.50181E-05,0.23573696613311768,0.5638495087623596,0.9350000023841858,0.9193493723869324,0.8324999809265137,0.7925717234611511
AK-GRU128-LR-Dense256-gelu-fs=36-cls=5,0.8274999856948853,5,"Model summary : 
None",279,101,200,all,0.0001,0.00005,cosineAnnealer,1600,400,36,0.8999999761581421,199,2.50181E-05,0.3152894973754883,0.5083458423614502,,,,
AK-BLSTM16-LR-Dense256-gelu-cls=3,0.8274999856948853,5,"Model summary : 
None",487,101,200,all,0.0001,0.00005,cosineAnnealer,1600,400,36,0.96875,199,2.50181E-05,0.1519138365983963,0.5988045334815979,,,,
AK-LSTM64-LR-Dense256-fs=36-cls=5,0.8274999856948853,5,"Model summary : 
",234,101,200,all,0.0001,0.00005,cosineAnnealer,1600,400,36,0.915000021,199,2.50181E-05,0.2827891409397125,0.5309658050537109,0.8962500095367432,0.870113194,0.7774999737739563,0.7222847938537598
AK-GRU512-LR-Dense256-gelu-fs=15-cls=5,0.824999988,5,"Model summary : 
",197,101,200,all,0.0001,0.00005,cosineAnnealer,1600,400,15,0.9474999904632568,199,2.50181E-05,0.23652231693267825,0.5845236778259277,0.9431250095367432,0.9292619824409484,0.800000012,0.749978244
AK-GRU64-LR-Dense256-gelu-fs=15-cls=5,0.8224999904632568,5,"Model summary : 
",205,101,200,all,0.0001,0.00005,cosineAnnealer,1600,400,15,0.8631250262260437,199,2.50181E-05,0.4009963870048523,0.49753355979919434,0.8518750071525574,0.8153733015060425,0.8125,0.7670251727104187
AK-BGRU64-LR-Dense256-gelu-fs=36-cls=5,0.8224999904632568,5,"Model summary : 
",356,101,200,all,0.0001,0.00005,cosineAnnealer,1600,400,36,0.9975000023841858,199,2.50181E-05,0.076269135,0.7131985425949097,,,,
AK-GRU256-LR-Dense256-gelu-fs=60-cls=5,0.8224999904632568,5,"Model summary : 
",338,101,200,all,0.0001,0.00005,cosineAnnealer,1600,400,60,0.953125,199,2.50181E-05,0.200157031,0.555497408,0.9506250023841858,0.9387822151184082,0.7850000262260437,0.7270621657371521
AK-BGRU32-LR-Dense256-gelu-fs=36-cls=5,0.8224999904632568,5,"Model summary : 
",346,101,200,all,0.0001,0.00005,cosineAnnealer,1600,400,36,0.9918749928474426,199,2.50181E-05,0.10253188759088516,0.642303467,0.9831249713897704,0.9787979125976562,0.7950000166893005,0.7446388006210327
AK-GRU128-LR-Dense256-gelu-fs=36-cls=5,0.8224999904632568,5,"Model summary : 
",247,101,200,all,0.0001,0.00005,cosineAnnealer,1600,400,36,0.9112499952316284,199,2.50181E-05,0.2943095862865448,0.4981348514556885,0.9112499952316284,0.8893862366676331,0.7825000286102295,0.7281046509742737
AK-LSTM128-LR-Dense256-fs=15-cls=5,0.8199999928474426,5,"Model summary : 
",188,101,200,all,0.0001,0.00005,cosineAnnealer,1600,400,15,0.9049999713897704,199,2.50181E-05,0.3095467984676361,0.5996948480606079,0.8974999785423279,0.8734973073005676,0.8025000095367432,0.7515091896057129
AK-LSTM64-LR-Dense256-fs=15-cls=5,0.8199999928474426,5,"Model summary : 
",200,101,200,all,0.0001,0.00005,cosineAnnealer,1600,400,15,0.8824999928474426,199,2.50181E-05,0.3542006313800812,0.5591021180152893,0.8693749904632568,0.836747408,0.7724999785423279,0.7217178344726562
AK-LSTM256-LR-Dense128-gelu-fs=15-cls=3,0.8199999928474426,5,"Model summary : 
None",203,101,200,all,0.0001,0.00005,cosineAnnealer,1600,400,36,0.9981250166893004,199,2.50181E-05,0.069071628,0.7763625979423523,,,,
AK-LSTM64-LR-Dense256-fs=36-cls=5,0.8199999928474426,5,"Model summary : 
None",273,101,200,all,0.0001,0.00005,cosineAnnealer,1600,400,36,0.9024999737739564,199,2.50181E-05,0.3126603066921234,0.5641047358512878,,,,
AK-LSTM256-LR-Dense128-gelu-fs=15-cls=3,0.8174999952316284,5,"Model summary : 
",232,101,200,all,0.0001,0.00005,cosineAnnealer,1600,400,36,0.9975000023841858,199,2.50181E-05,0.067872554,0.8202179074287415,0.996874988,0.9962218999862672,0.7774999737739563,0.7226658463478088
AK-GRU64-LR-Dense256-gelu-fs=36-cls=5,0.8174999952316284,5,"Model summary : 
",258,101,200,all,0.0001,0.00005,cosineAnnealer,1600,400,36,0.8799999952316284,199,2.50181E-05,0.368376762,0.5105242133140564,0.8737499713897705,0.8419445157051086,0.7900000214576721,0.7349197864532471
AK-GRU64-LR-Dense256-gelu-cls=5,0.8166666626930237,5,"Model summary : 
<keras.src.engine.sequential.Sequential object at 0x7f62ba92cb10>",378,101,200,all,0.0001,0.00005,cosineAnnealer,1700,300,30,0.9823529124259948,199,2.50181E-05,0.1257864087820053,0.6162084341049194,,,,
AK-GRU32-LR-Dense256-gelu-fs=15-cls=5,0.8149999976158142,5,"Model summary : 
",212,101,200,all,0.0001,0.00005,cosineAnnealer,1600,400,15,0.8299999833106995,199,2.50181E-05,0.4816110134124756,0.5452350378036499,0.8262500166893005,0.7859824895858765,0.7774999737739563,0.7276968359947205
AK-BGRU64-LR-Dense256-gelu-fs=15-cls=5,0.8149999976158142,5,"Model summary : 
",262,101,200,all,0.0001,0.00005,cosineAnnealer,1600,400,15,0.9449999928474426,199,2.50181E-05,0.2356291562318802,0.570779026,0.943750024,0.9293533563613892,0.800000012,0.7521288394927979
AK-BLSTM32-LR-Dense256-gelu-cls=3,0.8149999976158142,5,"Model summary : 
",309,101,200,all,0.0001,0.00005,cosineAnnealer,1600,400,36,0.991249979,199,2.50181E-05,0.107611284,0.6478257775306702,0.9881250262260436,0.9850082993507384,0.7774999737739563,0.7201406359672546
AK-LSTM256-LR-Dense128-gelu-fs=36-cls=5,0.8133333325386047,5,"Model summary : 
<keras.src.engine.sequential.Sequential object at 0x7fb79c7bb0d0>",372,101,200,all,0.0001,0.00005,cosineAnnealer,1700,300,36,0.9976470470428468,199,2.50181E-05,0.068117432,0.8467233777046204,,,,
AK-BLSTM32-LR-Dense256-gelu-cls=3,0.8125,5,"Model summary : 
None",421,101,200,all,0.0001,0.00005,cosineAnnealer,1600,400,36,0.9856250286102296,199,2.50181E-05,0.11830572038888933,0.7354856133460999,,,,
AK-LSTM128-LR-Dense256-fs=36-cls=5,0.8125,5,"Model summary : 
None",230,101,200,all,0.0001,0.00005,cosineAnnealer,1600,400,36,0.9449999928474426,199,2.50181E-05,0.21158574521541595,0.5565351247787476,,,,
AK-BGRU64-LR-Dense256-gelu-fs=36-cls=5,0.8125,5,"Model summary : 
",276,101,200,all,0.0001,0.00005,cosineAnnealer,1600,400,36,0.9962499737739564,199,2.50181E-05,0.084016562,0.697560191,0.9962499737739564,0.9951770305633544,0.7724999785423279,0.7221336364746094
AK-LSTM128-LR-Dense256-fs=36-cls=5,0.8125,5,"Model summary : 
None",231,101,200,all,0.0001,0.00005,cosineAnnealer,1600,400,36,0.9431250095367432,199,2.50181E-05,0.2193678617477417,0.5966367125511169,,,,
AK-BLSTM16-LR-Dense256-gelu-cls=3,0.8125,5,"Model summary : 
",328,101,200,all,0.0001,0.00005,cosineAnnealer,1600,400,36,0.9743750095367432,199,2.50181E-05,0.14634571969509125,0.61307478,0.9700000286102296,0.9624691009521484,0.7850000262260437,0.73456049
AK-LSTM32-LR-Dense256-fs=36-cls=5,0.8125,5,"Model summary : 
None",242,101,200,all,0.0001,0.00005,cosineAnnealer,1600,400,36,0.8756250143051147,199,2.50181E-05,0.38140514492988586,0.4996640384197235,,,,
AK-BLSTM128-LR-Dense256-gelu-cls=3,0.8100000023841858,5,"Model summary : 
",291,101,200,all,0.0001,0.00005,cosineAnnealer,1600,400,36,0.9981250166893004,199,2.50181E-05,0.07955005,0.7752675414085388,0.9975000023841858,0.9967719316482544,0.7799999713897705,0.7291049957275391
AK-GRU64-LR-Dense256-gelu-cls=3,0.8100000023841858,5,"Model summary : 
<keras.src.engine.sequential.Sequential object at 0x7fb678317a50>",444,101,200,all,0.0001,0.00005,cosineAnnealer,1700,300,36,0.8817647099494934,199,2.50181E-05,0.35335490107536316,0.5128466486930847,,,,
AK-LSTM32-LR-Dense256-fs=36-cls=5,0.8100000023841858,5,"Model summary : 
",244,101,200,all,0.0001,0.00005,cosineAnnealer,1600,400,36,0.8531249761581421,199,2.50181E-05,0.4407927691936493,0.5548439025878906,0.8531249761581421,0.8184114098548889,0.7950000166893005,0.7434576153755188
AK-BGRU32-LR-Dense256-gelu-fs=36-cls=5,0.8075000047683716,5,"Model summary : 
",356,101,200,all,0.0001,0.00005,cosineAnnealer,1600,400,36,0.9887499809265136,199,2.50181E-05,0.11368458718061449,0.6017060875892639,,,,
AK-LSTM128-LR-Dense256-fs=60-cls=5,0.8075000047683716,5,"Model summary : 
",279,101,200,all,0.0001,0.00005,cosineAnnealer,1600,400,60,0.921875,199,2.50181E-05,0.2984975576400757,0.5940045714378357,0.921875,0.9044904112815856,0.7774999737739563,0.7251785397529602
AK-BLSTM64-LR-Dense256-gelu-cls=3,0.8075000047683716,5,"Model summary : 
",314,101,200,all,0.0001,0.00005,cosineAnnealer,1600,400,36,0.9950000047683716,199,2.50181E-05,0.089314215,0.7133544087409973,0.9881250262260436,0.9853845238685608,0.8025000095367432,0.7538272142410278
AK-LSTM256-LR-Dense128-gelu-fs=15-cls=3,0.8075000047683716,5,"Model summary : 
None",221,101,200,all,0.0001,0.00005,cosineAnnealer,1600,400,36,0.9993749856948853,199,2.50181E-05,0.064333446,0.774840772,,,,
AK-BGRU128-LR-Dense256-gelu-fs=15-cls=5,0.8075000047683716,5,"Model summary : 
",253,101,200,all,0.0001,0.00005,cosineAnnealer,1600,400,15,0.9637500047683716,199,2.50181E-05,0.20897741615772247,0.6421831250190735,0.9606249928474426,0.9510113000869752,0.7799999713897705,0.7277723550796509
AK-LSTM64-LR-Dense256-fs=60-cls=5,0.8075000047683716,5,"Model summary : 
",274,101,200,all,0.0001,0.00005,cosineAnnealer,1600,400,60,0.8799999952316284,199,2.50181E-05,0.3915317952632904,0.5857184529304504,0.8799999952316284,0.8506001234054565,0.7975000143051147,0.7445509433746338
AK-BLSTM16-LR-Dense256-gelu-fs=15-cls=5,0.8050000071525574,5,"Model summary : 
",290,101,200,all,0.0001,0.00005,cosineAnnealer,1600,400,15,0.8987500071525574,199,2.50181E-05,0.3343895971775055,0.5658803582191467,0.8987500071525574,0.874708354,0.7699999809265137,0.7164292335510254
AK-BLSTM64-LR-Dense256-gelu-cls=3,0.8050000071525574,5,"Model summary : 
None",321,101,200,all,0.0001,0.00005,cosineAnnealer,1600,400,36,0.9950000047683716,199,2.50181E-05,0.087420084,0.6545681953430176,,,,
AK-BLSTM128-LR-Dense256-gelu-fs=15-cls=5,0.8050000071525574,5,"Model summary : 
",268,101,200,all,0.0001,0.00005,cosineAnnealer,1600,400,15,0.965624988,199,2.50181E-05,0.2118809670209885,0.7323956489562988,0.9518749713897704,0.939891756,0.7799999713897705,0.726869524
AK-LSTM256-LR-Dense128-gelu-fs=15-cls=3,0.8050000071525574,5,"Model summary : 
",228,101,200,all,0.0001,0.00005,cosineAnnealer,1600,400,36,0.9993749856948853,199,2.50181E-05,0.056820712983608246,0.8300917148590088,0.9956250190734864,0.9945025444030762,0.800000012,0.7543522715568542
AK-GRU128-LR-Dense256-gelu-fs=60-cls=5,0.8050000071525574,5,"Model summary : 
",380,101,200,all,0.0001,0.00005,cosineAnnealer,1600,400,60,0.903124988,199,2.50181E-05,0.3465206027030945,0.5632036924362183,0.8974999785423279,0.8729569315910339,0.7875000238418579,0.7318657040596008
AK-BLSTM32-LR-Dense256-gelu-fs=15-cls=5,0.8050000071525574,5,"Model summary : 
",291,101,200,all,0.0001,0.00005,cosineAnnealer,1600,400,15,0.925000012,199,2.50181E-05,0.2845843732357025,0.6029471158981323,0.9075000286102296,0.8856053948402405,0.7649999856948853,0.7134541273117065
AK-BGRU64-LR-Dense256-gelu-cls=5,0.8033333420753479,5,"Model summary : 
<keras.src.engine.sequential.Sequential object at 0x7f6262bd2790>",487,101,200,all,0.0001,0.00005,cosineAnnealer,1700,300,30,0.9923529624938964,199,2.50181E-05,0.094604217,0.6944644451141357,,,,
AK-GRU32-LR-Dense256-gelu-fs=36-cls=5,0.8025000095367432,5,"Model summary : 
None",276,101,200,all,0.0001,0.00005,cosineAnnealer,1600,400,36,0.8306249976158142,199,2.50181E-05,0.48633408546447754,0.5511459112167358,,,,
AK-BLSTM256-LR-Dense256-gelu-cls=3,0.800000012,5,"Model summary : 
None",371,101,200,all,0.0001,0.00005,cosineAnnealer,1600,400,36,1,199,2.50181E-05,0.07100898,0.8631684184074402,,,,
AK-LSTM32-LR-Dense256-fs=36-cls=5,0.800000012,5,"Model summary : 
None",281,101,200,all,0.0001,0.00005,cosineAnnealer,1600,400,36,0.8556249737739563,199,2.50181E-05,0.4041445553302765,0.5498462915420532,,,,
AK-LSTM64-LR-Dense256-fs=36-cls=5,0.800000012,5,"Model summary : 
<keras.src.engine.sequential.Sequential object at 0x7fb8ffcd7c10>",406,101,200,all,0.0001,0.00005,cosineAnnealer,1700,300,36,0.9111764430999756,199,2.50181E-05,0.3059709370136261,0.5762151479721069,,,,
AK-LSTM256-LR-Dense128-gelu-fs=15-cls=3,0.7975000143051147,5,"Model summary : 
",189,101,200,all,0.0001,0.00005,cosineAnnealer,1600,400,15,0.975000024,199,2.50181E-05,0.16432654857635498,0.7950417995452881,0.9612500071525574,0.9518001079559326,0.7450000047683716,0.6858669519424438
AK-BLSTM256-LR-Dense256-gelu-cls=3,0.7975000143051147,5,"Model summary : 
",270,101,200,all,0.0001,0.00005,cosineAnnealer,1600,400,36,0.9993749856948853,199,2.50181E-05,0.070653923,0.8273414373397827,0.9993749856948853,0.999234676,0.7975000143051147,0.7481448650360107
AK-BLSTM256-LR-Dense256-gelu-cls=3,0.7975000143051147,5,"Model summary : 
",224,101,200,all,0.0001,0.00005,cosineAnnealer,1600,400,15,0.975624979,199,2.50181E-05,0.1963098645210266,0.8246620297431946,0.9731249809265136,0.9660377502441406,0.762499988,0.7028953433036804
AK-BGRU128-LR-Dense256-gelu-fs=36-cls=5,0.7975000143051147,5,"Model summary : 
",274,101,200,all,0.0001,0.00005,cosineAnnealer,1600,400,36,0.9993749856948853,199,2.50181E-05,0.071981847,0.8066757321357727,0.9956250190734864,0.9945262670516968,0.7799999713897705,0.7303792834281921
AK-Transformer-e=32-h=2-ff=128-D=0.1-Dense=128,0.7975000143051147,5,"Model summary : 
None",334,101,200,all,0.0001,0.00005,cosineAnnealer,1600,400,36,0.975000024,199,2.50181E-05,0.084562883,0.6286598443984985,,,,
AK-GRU32-LR-Dense256-gelu-fs=36-cls=5,0.7950000166893005,5,"Model summary : 
",258,101,200,all,0.0001,0.00005,cosineAnnealer,1600,400,36,0.8287500143051147,199,2.50181E-05,0.4753589928150177,0.532632589,0.8268749713897705,0.7865511178970337,0.7425000071525574,0.6797233819961548
AK-BGRU128-LR-Dense256-gelu-fs=36-cls=5,0.7950000166893005,5,"Model summary : 
",337,101,200,all,0.0001,0.00005,cosineAnnealer,1600,400,36,0.9993749856948853,199,2.50181E-05,0.068617366,0.7851496934890747,,,,
AK-LSTM256-LR-Dense128-gelu-fs=15-cls=3,0.7925000190734863,5,"Model summary : 
",186,101,200,all,0.0001,0.00005,cosineAnnealer,1600,400,15,0.9662500023841858,199,2.50181E-05,0.1961122900247574,0.7210760712623596,0.9512500166893004,0.9394128322601318,0.7699999809265137,0.7128275036811829
AK-BGRU256-LR-Dense256-gelu-fs=36-cls=5,0.7925000190734863,5,"Model summary : 
",382,101,200,all,0.0001,0.00005,cosineAnnealer,1600,400,36,1,199,2.50181E-05,0.072491936,0.8353814482688904,,,,
AK-BLSTM128-LR-Dense256-gelu-fs=60-cls=5,0.7925000190734863,5,"Model summary : 
",511,101,200,all,0.0001,0.00005,cosineAnnealer,1600,400,60,1,199,2.50181E-05,0.051983956,0.8632278442382812,1,1,0.7825000286102295,0.7297584414482117
AK-BLSTM64-LR-Dense256-gelu-cls=3,0.7925000190734863,5,"Model summary : 
",258,101,200,all,0.0001,0.00005,cosineAnnealer,1600,400,15,0.9512500166893004,199,2.50181E-05,0.22711285948753357,0.6900474429130554,0.940625012,0.9257587194442748,0.7749999761581421,0.7250520586967468
AK-BLSTM128-LR-Dense256-gelu-cls=3,0.7925000190734863,5,"Model summary : 
None",349,101,200,all,0.0001,0.00005,cosineAnnealer,1600,400,36,0.9987499713897704,199,2.50181E-05,0.07782077,0.8239626884460449,,,,
AK-BGRU256-LR-Dense256-gelu-fs=15-cls=5,0.7925000190734863,5,"Model summary : 
",246,101,200,all,0.0001,0.00005,cosineAnnealer,1600,400,15,0.978124976,199,2.50181E-05,0.1921026110649109,0.7516139149665833,0.962499976,0.9531933069229126,0.7524999976158142,0.6954625844955444
AK-BGRU16-LR-Dense256-gelu-fs=60-cls=5,0.7900000214576721,5,"Model summary : 
",491,101,200,all,0.0001,0.00005,cosineAnnealer,1600,400,60,0.9925000071525574,199,2.50181E-05,0.094263986,0.679574728,0.9881250262260436,0.9850844740867616,0.762499988,0.7034503221511841
AK-LSTM256-LR-Dense128-gelu-fs=15-cls=3,0.7900000214576721,5,"Model summary : 
None",217,101,200,all,0.0001,0.00005,cosineAnnealer,1600,400,36,1,199,2.50181E-05,0.051959839,0.883517325,,,,
AK-GRU64-LR-Dense256-gelu-fs=36-cls=5,0.7900000214576721,5,"Model summary : 
None",263,101,200,all,0.0001,0.00005,cosineAnnealer,1600,400,36,0.8550000190734863,199,2.50181E-05,0.40522679686546326,0.5604410171508789,,,,
AK-LSTM16-LR-Dense256-fs=15-cls=5,0.7875000238418579,5,"Model summary : 
",202,101,200,all,0.0001,0.00005,cosineAnnealer,1600,400,15,0.8087499737739563,199,2.50181E-05,0.5257360935211182,0.6038571000099182,0.8012499809265137,0.7539249658584595,0.7425000071525574,0.6740772724151611
AK-LSTM256-LR-Dense128-gelu-fs=60-cls=3,0.7875000238418579,5,"Model summary : 
",269,101,200,all,0.0001,0.00005,cosineAnnealer,1600,400,60,1,199,2.50181E-05,0.034354232251644135,0.8987053036689758,1,1,0.7674999833106995,0.7115858197212219
AK-LSTM32-LR-Dense256-fs=15-cls=5,0.7850000262260437,5,"Model summary : 
",199,101,200,all,0.0001,0.00005,cosineAnnealer,1600,400,15,0.8612499833106995,199,2.50181E-05,0.4102807641029358,0.5596923232078552,0.84375,0.8078625202178955,0.7825000286102295,0.7258344888687134
AK-BLSTM32-LR-Dense256-gelu-fs=60-cls=5,0.7850000262260437,5,"Model summary : 
",547,101,200,all,0.0001,0.00005,cosineAnnealer,1600,400,60,0.9987499713897704,199,2.50181E-05,0.069896504,0.7597542405128479,0.996874988,0.996186912,0.7850000262260437,0.7331461906433105
AK-LSTM256-LR-Dense128-gelu-fs=60-cls=3,0.7825000286102295,5,"Model summary : 
",242,101,200,all,0.0001,0.00005,cosineAnnealer,1600,400,60,1,199,2.50181E-05,0.044382725,0.8890705108642578,1,1,0.7699999809265137,0.7112740278244019
AK-BGRU64-LR-Dense256-gelu-fs=60-cls=5,0.7825000286102295,5,"Model summary : 
",453,101,200,all,0.0001,0.00005,cosineAnnealer,1600,400,60,1,199,2.50181E-05,0.050584387,0.8123653531074524,0.9993749856948853,0.9992574453353882,0.7825000286102295,0.7291911840438843
AK-GRU16-LR-Dense256-gelu-fs=15-cls=5,0.7825000286102295,5,"Model summary : 
",208,101,200,all,0.0001,0.00005,cosineAnnealer,1600,400,15,0.8031250238418579,199,2.50181E-05,0.5240560173988342,0.5869544148445129,0.8018749952316284,0.7555487751960754,0.7450000047683716,0.6798052787780762
AK-LSTM16-LR-Dense256-fs=36-cls=,0.7799999713897705,5,"Model summary : 
None",232,101,200,all,0.0001,0.00005,cosineAnnealer,1600,400,36,0.828125,199,2.50181E-05,0.5040348172187805,0.5771965980529785,,,,
AK-BLSTM16-LR-Dense256-gelu-fs=60-cls=5,0.7799999713897705,5,"Model summary : 
",515,101,200,all,0.0001,0.00005,cosineAnnealer,1600,400,60,0.9887499809265136,199,2.50181E-05,0.10052187740802764,0.7308562397956848,0.9850000143051147,0.9811667799949646,0.7524999976158142,0.694810152
AK-BLSTM64-LR-Dense256-gelu-cls=3,0.7774999737739563,5,"Model summary : 
",451,101,200,all,0.0001,0.00005,cosineAnnealer,1600,400,60,0.9987499713897704,199,2.50181E-05,0.063625313,0.8053779602050781,0.9987499713897704,0.9984259009361268,0.7699999809265137,0.7081590890884399
AK-BGRU256-LR-Dense256-gelu-fs=60-cls=5,0.7774999737739563,5,"Model summary : 
",515,101,200,all,0.0001,0.00005,cosineAnnealer,1600,400,60,1,199,2.50181E-05,0.048494652,0.9292259812355042,1,1,0.7574999928474426,0.6990758776664734
AK-GRU64-LR-Dense256-gelu-fs=60-cls=5,0.7774999737739563,5,"Model summary : 
",390,101,200,all,0.0001,0.00005,cosineAnnealer,1600,400,60,0.8500000238418579,199,2.50181E-05,0.45612379908561707,0.5919262766838074,0.8493750095367432,0.8139410614967346,0.7475000023841858,0.6844853162765503
AK-BGRU128-LR-Dense256-gelu-fs=60-cls=5,0.7774999737739563,5,"Model summary : 
",428,101,200,all,0.0001,0.00005,cosineAnnealer,1600,400,60,1,199,2.50181E-05,0.048144575,0.8852412700653076,1,1,0.7524999976158142,0.6960449814796448
AK-GRU32-LR-Dense256-gelu-fs=15-cls=3,0.7733333110809326,5,"Model summary : 
<keras.src.engine.sequential.Sequential object at 0x7fb78c723f10>",461,101,200,all,0.0001,0.00005,cosineAnnealer,1700,300,36,0.8435294032096863,199,2.50181E-05,0.4479529559612274,0.5793752670288086,,,,
AK-BGRU32-LR-Dense256-gelu-fs=60-cls=5,0.7724999785423279,5,"Model summary : 
",516,101,200,all,0.0001,0.00005,cosineAnnealer,1600,400,60,1,199,2.50181E-05,0.054796759,0.756706178,0.9981250166893004,0.997709572,0.75,0.6913335919380188
AK-LSTM16-LR-Dense256-fs=36-cls=,0.7724999785423279,5,"Model summary : 
None",330,101,200,all,0.0001,0.00005,cosineAnnealer,1600,400,36,0.8006250262260437,199,2.50181E-05,0.5317079424858093,0.6237683296203613,,,,
AK-BLSTM256-LR-Dense256-gelu-cls=3,0.7649999856948853,5,"Model summary : 
",556,101,200,all,0.0001,0.00005,cosineAnnealer,1600,400,60,1,199,2.50181E-05,0.046265553683042526,0.9950559735298156,1,1,0.7574999928474426,0.6994288563728333
RK-LSTM256-LR-Dense256-fs=36-cls=5,0.762499988,5,"Model summary : 
<keras.src.engine.sequential.Sequential object at 0x7fbf3f2e1650>",1854,101,200,reduced-LipsEyesHandsPose-scaled,0.0001,0.00005,cosineAnnealer,1600,400,36,1,199,2.50181E-05,0.6885671019554138,1.1320685148239136,,,,
AK-LSTM16-LR-Dense256-fs=36-cls=5,0.7574999928474426,5,"Model summary : 
",255,101,200,all,0.0001,0.00005,cosineAnnealer,1600,400,36,0.7987499833106995,199,2.50181E-05,0.5351357460021973,0.6020918488502502,0.7900000214576721,0.7396817803382874,0.7425000071525574,0.6710103750228882
AK-GRU16-LR-Dense256-gelu-fs=36-cls=5,0.7549999952316284,5,"Model summary : 
None",273,101,200,all,0.0001,0.00005,cosineAnnealer,1600,400,36,0.8081250190734863,199,2.50181E-05,0.5314914584159851,0.5921832919120789,,,,
RK-GRU256-LR-Dense256-gelu-fs=36-cls=5,0.7524999976158142,5,"Model summary : 
<keras.src.engine.sequential.Sequential object at 0x7fbd58582450>",1881,101,200,reduced-LipsEyesHandsPose-scaled,0.0001,0.00005,cosineAnnealer,1600,400,36,1,199,2.50181E-05,0.7061941623687744,1.150166392326355,,,,
RK-GRU512-LR-Dense256-gelu-fs=36-cls=5,0.7475000023841858,5,"Model summary : 
<keras.src.engine.sequential.Sequential object at 0x7fb7141bee10>",1863,101,200,reduced-LipsEyesHandsPose-scaled,0.0001,0.00005,cosineAnnealer,1600,400,36,1,199,2.50181E-05,0.7009469866752625,1.1529282331466677,,,,
RK-BGRU256-LR-Dense256-gelu-fs=36-cls=5,0.7450000047683716,5,"Model summary : 
<keras.src.engine.sequential.Sequential object at 0x7fb6a0bb8650>",1957,101,200,reduced-LipsEyesHandsPose-scaled,0.0001,0.00005,cosineAnnealer,1600,400,36,1,199,2.50181E-05,0.7048951983451843,1.157209873199463,,,,
AK-GRU32-LR-Dense256-gelu-fs=60-cls=5,0.7450000047683716,5,"Model summary : 
",403,101,200,all,0.0001,0.00005,cosineAnnealer,1600,400,60,0.7975000143051147,199,2.50181E-05,0.5422770977020264,0.6314004063606262,0.7975000143051147,0.7485855221748352,0.7174999713897705,0.6447227597236633
AK-GRU16-LR-Dense256-gelu-fs=36-cls=5,0.7400000095367432,5,"Model summary : 
",274,101,200,all,0.0001,0.00005,cosineAnnealer,1600,400,36,0.784375012,199,2.50181E-05,0.6039968729019165,0.6381226778030396,0.784375012,0.732725978,0.7124999761581421,0.6432549953460693
RK-BLSTM256-LR-Dense256-gelu-fs=36-cls=5,0.7400000095367432,5,"Model summary : 
<keras.src.engine.sequential.Sequential object at 0x7fb6bc35d990>",1901,101,200,reduced-LipsEyesHandsPose-scaled,0.0001,0.00005,cosineAnnealer,1600,400,36,1,199,2.50181E-05,0.7049766778945923,1.1868155002593994,,,,
RK-LSTM512-LR-Dense256-fs=36-cls=5,0.737500012,5,"Model summary : 
<keras.src.engine.sequential.Sequential object at 0x7fbe10760e50>",1834,101,200,reduced-LipsEyesHandsPose-scaled,0.0001,0.00005,cosineAnnealer,1600,400,36,1,199,2.50181E-05,0.6816275119781494,1.1707991361618042,,,,
RK-BGRU128-LR-Dense256-gelu-fs=36-cls=5,0.7350000143051147,5,"Model summary : 
<keras.src.engine.sequential.Sequential object at 0x7fb6856755d0>",1946,101,200,reduced-LipsEyesHandsPose-scaled,0.0001,0.00005,cosineAnnealer,1600,400,36,1,199,2.50181E-05,0.7063243985176086,1.1847971677780151,,,,
Transformer-embed=128-heads=2-ff=128-D=0.1-Dense=128-Dense=256-LipsEyesHandsPose_5k,0.7350000143051147,5,"Model summary : 
<keras.src.engine.functional.Functional object at 0x7fb6f410e850>",2819,151,300,reduced-LipsEyesHandsPose,0.0003,0.00005,cosineAnnealer,1600,400,36,1,299,5.00271E-05,0.6706176996231079,1.1044827699661257,,,,
RK-GRU128-LR-Dense256-gelu-fs=36-cls=5,0.7350000143051147,5,"Model summary : 
<keras.src.engine.sequential.Sequential object at 0x7fbd103b61d0>",1891,101,200,reduced-LipsEyesHandsPose-scaled,0.0001,0.00005,cosineAnnealer,1600,400,36,0.9987499713897704,199,2.50181E-05,0.718334436,1.1424002647399902,,,,
AK-LSTM32-LR-Dense256-fs=60-cls=5,0.7325000166893005,5,"Model summary : 
",270,101,200,all,0.0001,0.00005,cosineAnnealer,1600,400,60,0.8181250095367432,199,2.50181E-05,0.5096451640129089,0.6994839310646057,0.8181250095367432,0.7756097316741943,0.7124999761581421,0.6324055790901184
RK-BGRU64-LR-Dense256-gelu-fs=36-cls=5,0.7325000166893005,5,"Model summary : 
<keras.src.engine.sequential.Sequential object at 0x7fb686965910>",1959,101,200,reduced-LipsEyesHandsPose-scaled,0.0001,0.00005,cosineAnnealer,1600,400,36,1,199,2.50181E-05,0.7126398682594299,1.2219130992889404,,,,
Transformer-e=128-h=4-ff=256-D=0.1-Dense=128-LipsEyesHandsPose_5k,0.7300000190734863,5,"Model summary : 
<keras.src.engine.functional.Functional object at 0x7fb6046b0510>",1888,101,200,reduced-LipsEyesHandsPose-scaled,0.0001,0.00005,cosineAnnealer,1600,400,36,0.9987499713897704,199,2.50181E-05,0.7007282972335815,1.146048903465271,,,,
RK-BLSTM128-LR-Dense256-gelu-fs=36-cls=5,0.7250000238418579,5,"Model summary : 
<keras.src.engine.sequential.Sequential object at 0x7fbdd4422790>",1939,101,200,reduced-LipsEyesHandsPose-scaled,0.0001,0.00005,cosineAnnealer,1600,400,36,1,199,2.50181E-05,0.715432882,1.2625867128372192,,,,
RK-GRU16-LR-Dense256-gelu-fs=36-cls=5,0.7250000238418579,5,"Model summary : 
<keras.src.engine.sequential.Sequential object at 0x7fbea836f890>",1945,101,200,reduced-LipsEyesHandsPose-scaled,0.0001,0.00005,cosineAnnealer,1600,400,36,0.8387500047683716,199,2.50181E-05,0.9353375434875488,1.1199885606765747,,,,
RK-LSTM32-LR-Dense256-fs=36-cls=5,0.7225000262260437,5,"Model summary : 
<keras.src.engine.sequential.Sequential object at 0x7fbea0137090>",1924,101,200,reduced-LipsEyesHandsPose-scaled,0.0001,0.00005,cosineAnnealer,1600,400,36,0.934374988,199,2.50181E-05,0.8277866244316101,1.1738100051879885,,,,
RK-GRU64-LR-Dense256-gelu-fs=36-cls=5,0.7200000286102295,5,"Model summary : 
<keras.src.engine.sequential.Sequential object at 0x7fbdd47f5e90>",1882,101,200,reduced-LipsEyesHandsPose-scaled,0.0001,0.00005,cosineAnnealer,1600,400,36,0.975624979,199,2.50181E-05,0.7606683373451233,1.127064228057861,,,,
RK-GRU512-LR-Dense256-gelu-fs=36-cls=5,0.7149999737739563,5,"Model summary : 
<keras.src.engine.sequential.Sequential object at 0x7fd4f8222450>",99,101,200,reduced-LipsEyesHandsPose-scaled,0.0001,0.00005,cosineAnnealer,1600,400,36,0.9993749856948853,199,2.50181E-05,0.6945552229881287,1.2023082971572876,,,,
RK-GRU32-LR-Dense256-gelu-fs=36-cls=5,0.7149999737739563,5,"Model summary : 
<keras.src.engine.sequential.Sequential object at 0x7fbde47bfd50>",1899,101,200,reduced-LipsEyesHandsPose-scaled,0.0001,0.00005,cosineAnnealer,1600,400,36,0.909375012,199,2.50181E-05,0.8584426045417786,1.143885374069214,,,,
RK-BGRU32-LR-Dense256-gelu-fs=36-cls=5,0.7149999737739563,5,"Model summary : 
<keras.src.engine.sequential.Sequential object at 0x7fb654542950>",2006,101,200,reduced-LipsEyesHandsPose-scaled,0.0001,0.00005,cosineAnnealer,1600,400,36,1,199,2.50181E-05,0.7240437865257263,1.253763198852539,,,,
RK-LSTM128-LR-Dense256-fs=36-cls=5,0.7099999785423279,5,"Model summary : 
<keras.src.engine.sequential.Sequential object at 0x7fbea049b690>",1844,101,200,reduced-LipsEyesHandsPose-scaled,0.0001,0.00005,cosineAnnealer,1600,400,36,0.9993749856948853,199,2.50181E-05,0.7009971141815186,1.1927281618118286,,,,
RK-BLSTM64-LR-Dense256-gelu-fs=36-cls=5,0.7099999785423279,5,"Model summary : 
<keras.src.engine.sequential.Sequential object at 0x7fb6a0bf59d0>",1915,101,200,reduced-LipsEyesHandsPose-scaled,0.0001,0.00005,cosineAnnealer,1600,400,36,1,199,2.50181E-05,0.7157634496688843,1.281224012374878,,,,
RK-LSTM64-LR-Dense256-fs=36-cls=5,0.7049999833106995,5,"Model summary : 
<keras.src.engine.sequential.Sequential object at 0x7fbe9027c9d0>",1900,101,200,reduced-LipsEyesHandsPose-scaled,0.0001,0.00005,cosineAnnealer,1600,400,36,0.9918749928474426,199,2.50181E-05,0.7265727519989014,1.1886500120162964,,,,
RK-LSTM16-LR-Dense256-fs=36-cls=5,0.7049999833106995,5,"Model summary : 
<keras.src.engine.sequential.Sequential object at 0x7fb714714f90>",225,101,200,reduced-LipsEyesHandsPose-scaled,0.0001,0.00005,cosineAnnealer,1600,400,36,0.9993749856948853,199,2.50181E-05,0.7445206642150879,1.253156304359436,,,,
AK-BGRU32-LR-Dense256-gelu-cls=13,0.7026666402816772,13,"Model summary : 
<keras.src.engine.sequential.Sequential object at 0x7f6319231b10>",1303,101,200,all,0.0001,0.00005,cosineAnnealer,4250,750,15,0.8465882539749146,199,2.50181E-05,0.5548484921455383,0.9185674786567688,,,,
RK-BGRU16-LR-Dense256-gelu-fs=36-cls=5,0.7024999856948853,5,"Model summary : 
<keras.src.engine.sequential.Sequential object at 0x7fb664587890>",1982,101,200,reduced-LipsEyesHandsPose-scaled,0.0001,0.00005,cosineAnnealer,1600,400,36,0.9993749856948853,199,2.50181E-05,0.7481438517570496,1.2257221937179563,,,,
AK-GRU256-LR-Dense256-gelu-cls=13,0.7013333439826965,13,"Model summary : 
<keras.src.engine.sequential.Sequential object at 0x7f63a2591c50>",748,101,200,all,0.0001,0.00005,cosineAnnealer,4250,750,15,0.846823514,199,2.50181E-05,0.529880166,0.9853012561798096,,,,
AK-BGRU64-LR-Dense256-gelu-cls=13,0.6986666917800903,13,"Model summary : 
<keras.src.engine.sequential.Sequential object at 0x7f62901f3dd0>",1419,101,200,all,0.0001,0.00005,cosineAnnealer,4250,750,15,0.8941176533699036,199,2.50181E-05,0.4363722205162048,0.9802762866020204,,,,
RK-BLSTM16-LR-Dense256-gelu-fs=36-cls=5,0.6924999952316284,5,"Model summary : 
<keras.src.engine.sequential.Sequential object at 0x7fbd102009d0>",1987,101,200,reduced-LipsEyesHandsPose-scaled,0.0001,0.00005,cosineAnnealer,1600,400,36,0.9993749856948853,199,2.50181E-05,0.7217053174972534,1.2614021301269531,,,,
AK-BLSTM64-LR-Dense256-gelu-cls=13,0.690666676,13,"Model summary : 
<keras.src.engine.sequential.Sequential object at 0x7f63096271d0>",1461,101,200,all,0.0001,0.00005,cosineAnnealer,4250,750,15,0.8976470828056335,199,2.50181E-05,0.4281444847583771,1.0508992671966553,,,,
AK-GRU128-LR-Dense256-gelu-cls=13,0.690666676,13,"Model summary : 
<keras.src.engine.sequential.Sequential object at 0x7f63b0aae150>",803,101,200,all,0.0001,0.00005,cosineAnnealer,4250,750,15,0.7842352986335754,199,2.50181E-05,0.6787998676300049,0.9240493178367616,,,,
AK-GRU16-LR-Dense256-gelu-fs=60-cls=5,0.6875,5,"Model summary : 
",384,101,200,all,0.0001,0.00005,cosineAnnealer,1600,400,60,0.7368749976158142,199,2.50181E-05,0.6354581713676453,0.7084179520606995,0.7368749976158142,0.6738120913505554,0.6825000047683716,0.6035383343696594
AK-BGRU128-LR-Dense256-gelu-cls=13,0.6866666674613953,13,"Model summary : 
<keras.src.engine.sequential.Sequential object at 0x7f626292f350>",1112,101,200,all,0.0001,0.00005,cosineAnnealer,4250,750,15,0.934823513,199,2.50181E-05,0.353713721,1.1008386611938477,,,,
RK-BLSTM32-LR-Dense256-gelu-fs=36-cls=5,0.6850000023841858,5,"Model summary : 
<keras.src.engine.sequential.Sequential object at 0x7fb714117890>",2006,101,200,reduced-LipsEyesHandsPose-scaled,0.0001,0.00005,cosineAnnealer,1600,400,36,1,199,2.50181E-05,0.7096824049949646,1.2616592645645142,,,,
RK-LSTM16-LR-Dense256-fs=36-cls=5,0.6850000023841858,5,"Model summary : 
<keras.src.engine.sequential.Sequential object at 0x7fbea0359090>",1923,101,200,reduced-LipsEyesHandsPose-scaled,0.0001,0.00005,cosineAnnealer,1600,400,36,0.8412500023841858,199,2.50181E-05,0.9395332932472228,1.1968579292297363,,,,
AK-BGRU256-LR-Dense256-gelu-cls=13,0.6840000152587891,13,"Model summary : 
<keras.src.engine.sequential.Sequential object at 0x7f623871b310>",1377,101,200,all,0.0001,0.00005,cosineAnnealer,4250,750,15,0.9637647271156312,199,2.50181E-05,0.27980849146842957,1.2471238374710083,,,,
AK-GRU512-LR-Dense256-gelu-cls=13,0.6826666593551636,13,"Model summary : 
<keras.src.engine.sequential.Sequential object at 0x7f63a01d3dd0>",701,101,200,all,0.0001,0.00005,cosineAnnealer,4250,750,15,0.9164705872535706,199,2.50181E-05,0.3571692407131195,1.1163605451583862,,,,
AK-BGRU16-LR-Dense256-gelu-cls=13,0.6773333549499512,13,"Model summary : 
<keras.src.engine.sequential.Sequential object at 0x7f62c0d25710>",1307,101,200,all,0.0001,0.00005,cosineAnnealer,4250,750,15,0.783294141,199,2.50181E-05,0.7142177224159241,0.9624087810516356,,,,
AK-GRU64-LR-Dense256-gelu-cls=13,0.6746666431427002,13,"Model summary : 
<keras.src.engine.sequential.Sequential object at 0x7f6994c00b10>",793,101,200,all,0.0001,0.00005,cosineAnnealer,4250,750,15,0.7115294337272644,199,2.50181E-05,0.8492687344551086,0.9439719915390016,,,,
AK-LSTM128-LR-Dense256-fs=15-cls=13,0.6746666431427002,13,"Model summary : 
<keras.src.engine.sequential.Sequential object at 0x7f6a686ad090>",733,101,200,all,0.0001,0.00005,cosineAnnealer,4250,750,15,0.8150588274002075,199,2.50181E-05,0.6071382761001587,1.0417935848236084,,,,
AK-BLSTM32-LR-Dense256-gelu-cls=13,0.6653333306312561,13,"Model summary : 
<keras.src.engine.sequential.Sequential object at 0x7f63b1af4b10>",1305,101,200,all,0.0001,0.00005,cosineAnnealer,4250,750,15,0.8465882539749146,199,2.50181E-05,0.555031419,1.0430272817611694,,,,
AK-LSTM64-LR-Dense256-fs=15-cls=13,0.6639999747276306,13,"Model summary : 
<keras.src.engine.sequential.Sequential object at 0x7f6a6868d090>",761,101,200,all,0.0001,0.00005,cosineAnnealer,4250,750,15,0.7463529706001282,199,2.50181E-05,0.7810160517692566,1.013890504837036,,,,
AK-BLSTM16-LR-Dense256-gelu-cls=13,0.6613333225250244,13,"Model summary : 
<keras.src.engine.sequential.Sequential object at 0x7f63a09474d0>",1481,101,200,all,0.0001,0.00005,cosineAnnealer,4250,750,15,0.7875294089317322,199,2.50181E-05,0.6881956458091736,0.9949663877487184,,,,
AK-BLSTM128-LR-Dense256-gelu-cls=13,0.6613333225250244,13,"Model summary : 
<keras.src.engine.sequential.Sequential object at 0x7f631b9e90d0>",1338,101,200,all,0.0001,0.00005,cosineAnnealer,4250,750,15,0.9263529181480408,199,2.50181E-05,0.36417174339294434,1.2464195489883425,,,,
AK-LSTM256-LR-Dense128-gelu-fs=15-cls=13,0.6586666703224182,13,"Model summary : 
<keras.src.engine.sequential.Sequential object at 0x7f6a3c59d190>",668,101,200,all,0.0001,0.00005,cosineAnnealer,4250,750,15,0.9367058873176576,199,2.50181E-05,0.31170934438705444,1.2301126718521118,,,,
AK-LSTM16-LR-Dense256-fs=60-cls=5,0.6575000286102295,5,"Model summary : 
",282,101,200,all,0.0001,0.00005,cosineAnnealer,1600,400,60,0.7300000190734863,199,2.50181E-05,0.6374166011810303,0.7405499815940857,0.71875,0.6563412547111511,0.6324999928474426,0.5443947315216064
AK-LSTM256-LR-Dense128-gelu-fs=15-cls=13,0.6453333497047424,13,"Model summary : 
<keras.src.engine.sequential.Sequential object at 0x7f6ae83f3dd0>",696,101,200,all,0.0001,0.00005,cosineAnnealer,4250,750,15,0.9675294160842896,199,2.50181E-05,0.22429707646369937,1.4279706478118896,,,,
AK-BLSTM256-LR-Dense256-gelu-cls=13,0.6453333497047424,13,"Model summary : 
<keras.src.engine.sequential.Sequential object at 0x7f6308956b90>",1166,101,200,all,0.0001,0.00005,cosineAnnealer,4250,750,15,0.9583529233932496,199,2.50181E-05,0.281277597,1.3607438802719116,,,,
Transformer-D=0.1-Dense=128-LipsEyesHandsPose_5k,0.5929999947547913,13,"Model summary : 
<keras.src.engine.functional.Functional object at 0x7f954c815890>",733,50,100,reduced-LipsEyesHandsPose,0.0001,0.00005,cosineAnnealer,4000,1000,25,0.7452499866485596,99,5.00493E-05,1.5019645690917969,1.791746973991394,,,,
LSTM128-Dense128-Dense256-LipsEyesHandsPose_5k,0.5640000104904175,13,"Model summary : 
<keras.src.engine.sequential.Sequential object at 0x7f9e521caa10>",816,50,100,reduced-LipsEyesHandsPose,0.0001,0.00005,cosineAnnealer,4000,1000,25,0.8617500066757202,99,5.00493E-05,1.3247953653335571,1.8725237846374512,,,,
Transformer-embed=128-heads=2-ff=128-D=0.2-Dense=256-LipsEyesHandsPose_5k,0.5580000281333923,13,"Model summary : 
<keras.src.engine.functional.Functional object at 0x7f945c48cb90>",1954,151,300,reduced-LipsEyesHandsPose,0.0003,0.00005,cosineAnnealer,4000,1000,25,0.981249988,299,5.00271E-05,1.1003689765930176,1.941307783126831,,,,
Transformer-embed=128-heads=2-ff=128-D=0.1-Dense=128-Dense=256-LipsEyesHandsPose_5k,0.5450000166893005,13,"Model summary : 
<keras.src.engine.functional.Functional object at 0x7f95cc312c90>",2030,151,300,reduced-LipsEyesHandsPose,0.0003,0.00005,cosineAnnealer,4000,1000,25,0.9882500171661376,299,5.00271E-05,1.0461297035217283,1.9783560037612915,,,,
AK-LSTM32-LR-Dense256-fs=15-cls=13,0.5440000295639038,13,"Model summary : 
<keras.src.engine.sequential.Sequential object at 0x7f6c5bf7b3d0>",739,101,200,all,0.0001,0.00005,cosineAnnealer,4250,750,15,0.5927059054374695,199,2.50181E-05,1.129201889038086,1.1914050579071045,,,,
AK-GRU16-LR-Dense256-gelu-fs=60-cls=5,0.5299999713897705,5,"Model summary : 
",139,101,200,all,0.0001,0.00005,cosineAnnealer,1600,400,60,0.5881249904632568,74,3.66092E-05,0.8942890167236328,0.902831495,0.5837500095367432,0.4923659563064575,0.5274999737739563,0.4292415976524353
RK-LSTM16-LR-Dense256-fs=15-cls=3,0.5274999737739563,5,"Model summary : 
<Sequential name=sequential_5, built=True>",1592,101,200,reduced-LipsEyesHandsPose-scaled,0.0001,0.00005,cosineAnnealer,1600,400,36,0.6343749761581421,28,,1.2351880073547363,1.3125211000442505,,,,
AK-LSTM16-LR-Dense256-fs=15-cls=13,0.5253333449363708,13,"Model summary : 
<keras.src.engine.sequential.Sequential object at 0x7f6c5bf61710>",736,101,200,all,0.0001,0.00005,cosineAnnealer,4250,750,15,0.5383529663085938,199,2.50181E-05,1.249822974205017,1.278745412826538,,,,
LSTM128-Dense128-Dense256-LipsEyesHandsPose_5k,0.5230000019073486,13,"Model summary : 
<keras.src.engine.sequential.Sequential object at 0x7f9e5311af10>",543,50,100,reduced-LipsEyesHandsPose,0.0001,0.00005,cosineAnnealer,4000,1000,25,0.8867499828338623,99,5.00493E-05,1.2577396631240845,1.9248172044754028,,,,
LSTM64-Dense128-Dense256-LipsEyesHandsPose_5k,0.5210000276565552,13,"Model summary : 
<keras.src.engine.sequential.Sequential object at 0x7f9e240a0050>",616,50,100,reduced-LipsEyesHandsPose,0.0001,0.00005,cosineAnnealer,4000,1000,25,0.6414999961853027,99,5.00493E-05,1.653400421142578,1.924990177154541,,,,
AK-GRU32-LR-Dense256-gelu-fs=15-cls=13,0.5120000243186951,13,"Model summary : 
<keras.src.engine.sequential.Sequential object at 0x7f6b38261f90>",707,101,200,all,0.0001,0.00005,cosineAnnealer,4250,750,15,0.5437647104263306,199,2.50181E-05,1.2256383895874023,1.249293088912964,,,,
AK-GRU16-LR-Dense256-gelu-fs=15-cls=13,0.46666666865348816,13,"Model summary : 
<keras.src.engine.sequential.Sequential object at 0x7f6a143c3e90>",722,101,200,all,0.0001,0.00005,cosineAnnealer,4250,750,15,0.48988234996795654,199,2.50181E-05,1.3702888488769531,1.3668889999389648,,,,
LSTM128-Dense128-Dense256-allfeatures,0.4333333373069763,3,"Model summary : 
<Sequential name=sequential, built=True>",10559,50,100,all,0.0001,0.00005,cosineAnnealer,240,60,60,0.4375,46,,1.0150154829025269,1.0469517707824707,,,,
LSTM256-LSTM64-LR-Dense128-GELU-Dense256-GELU-LipsEyesHandsPose_scaled_5k,0.38100001215934753,13,"Model summary : 
<keras.src.engine.sequential.Sequential object at 0x7f107bf87310>",490,51,100,reduced-LipsEyesHandsPose-scaled,0.0001,0.00005,cosineAnnealer,4000,1000,25,0.5115000009536743,19,8.33089E-05,1.9972718954086304,2.2255666255950928,,,,
Transformer-embed=128-heads=2-ff=128-D=0.1-Dense=128-Dense=256-LipsEyesHandsPose_5k,0.20600000023841855,13,"Model summary : 
<keras.src.engine.functional.Functional object at 0x7f954fea9a50>",84,50,100,reduced-LipsEyesHandsPose,0.0001,0.00005,cosineAnnealer,4000,1000,25,0.12099999934434892,0,9.99507E-05,2.5330991744995117,2.426353454589844,,,,
AK-LSTM256-LR-Dense128-gelu,,3,"Model summary : 
<keras.src.engine.sequential.Sequential object at 0x7f45971c8950>",32,50,100,all,0.0001,0.00005,cosineAnnealer,850,150,20,,,,,,,,,
LSTM256-Dense128-Dense256-LipsEyesHandsPose_5k,,13,"Model summary : 
<keras.src.engine.functional.Functional object at 0x7f954ca53f10>",22,50,100,reduced-LipsEyesHandsPose,0.0001,0.00005,cosineAnnealer,4000,1000,25,,,,,,,,,
AK-BGRU256-LR-Dense256-gelu-fs=36-cls=5,,5,"Model summary : 
",1566,101,200,all,0.0001,0.00005,cosineAnnealer,1600,400,36,,,,,,,,,
LSTM256-Dense128-Dense256-LipsEyesHandsPose_5k,,13,"Model summary : 
<keras.src.engine.functional.Functional object at 0x7f95007f5210>",25,50,100,reduced-LipsEyesHandsPose,0.0001,0.00005,cosineAnnealer,4000,1000,25,,,,,,,,,
LSTM128-Dense128-Dense256-LipsEyesHandsPose_5k,,13,"Model summary : 
<keras.src.engine.sequential.Sequential object at 0x7f1076f7a410>",5541,51,100,reduced-LipsEyesHandsPose,0.0001,0.00005,cosineAnnealer,4000,1000,25,,,,,,,,,
